{"training_stats/avg_data_load_time":0.0001572158932685852,"training_stats/avg_fw_bw_time":0.1702326786518097,"training_stats/avg_post_process_time":0.041747185289859774,"grad_norm":0.7032443881034851,"training_stats/max_post_process_time":0.07351469993591309,"training_stats/min_images_per_sample":1,"training_stats/max_fw_bw_time":0.1876833438873291,"training_stats/avg_images_per_sample":1,"_runtime":53237.711472952,"batch_loss":0.8850892782211304,"_step":29567,"val_loss":0.9101182566239283,"_wandb":{"runtime":53237},"_timestamp":1.7806326457145247e+09,"training_stats/max_images_per_sample":1,"training_stats/avg_tokens_per_second":8866.770560715351,"training_stats/max_data_load_time":0.0013370513916015625}